series_id,surface
0,hard_tiles_large_space
1,soft_tiles
2,tiled
3,wood
4,soft_pvc
5,concrete
6,concrete
7,soft_pvc
8,wood
9,wood
10,concrete
11,wood
12,hard_tiles_large_space
13,concrete
14,soft_pvc
15,wood
16,concrete
17,wood
18,wood
19,soft_tiles
20,fine_concrete
21,concrete
22,concrete
23,hard_tiles_large_space
24,concrete
25,wood
26,concrete
27,soft_pvc
28,wood
29,concrete
30,fine_concrete
31,soft_tiles
32,concrete
33,soft_pvc
34,soft_tiles
35,concrete
36,hard_tiles_large_space
37,soft_tiles
38,concrete
39,fine_concrete
40,tiled
41,wood
42,soft_pvc
43,wood
44,soft_pvc
45,carpet
46,wood
47,wood
48,wood
49,wood
50,hard_tiles_large_space
51,fine_concrete
52,wood
53,tiled
54,tiled
55,wood
56,tiled
57,wood
58,tiled
59,concrete
60,wood
61,concrete
62,tiled
63,concrete
64,concrete
65,tiled
66,soft_tiles
67,soft_tiles
68,fine_concrete
69,hard_tiles_large_space
70,tiled
71,concrete
72,wood
73,wood
74,hard_tiles_large_space
75,wood
76,tiled
77,concrete
78,soft_pvc
79,concrete
80,soft_tiles
81,tiled
82,wood
83,tiled
84,concrete
85,soft_tiles
86,wood
87,tiled
88,fine_concrete
89,concrete
90,wood
91,concrete
92,wood
93,tiled
94,tiled
95,concrete
96,fine_concrete
97,soft_tiles
98,concrete
99,wood
100,hard_tiles_large_space
101,fine_concrete
102,fine_concrete
103,wood
104,concrete
105,hard_tiles_large_space
106,concrete
107,soft_pvc
108,wood
109,tiled
110,concrete
111,concrete
112,fine_concrete
113,concrete
114,soft_pvc
115,soft_tiles
116,concrete
117,soft_tiles
118,hard_tiles_large_space
119,concrete
120,wood
121,wood
122,soft_pvc
123,fine_concrete
124,wood
125,tiled
126,tiled
127,wood
128,fine_concrete
129,concrete
130,hard_tiles_large_space
131,wood
132,concrete
133,wood
134,hard_tiles_large_space
135,concrete
136,soft_pvc
137,wood
138,concrete
139,concrete
140,concrete
141,concrete
142,soft_tiles
143,wood
144,hard_tiles_large_space
145,tiled
146,concrete
147,concrete
148,soft_pvc
149,wood
150,soft_pvc
151,concrete
152,wood
153,soft_tiles
154,soft_tiles
155,soft_tiles
156,soft_pvc
157,concrete
158,tiled
159,wood
160,concrete
161,hard_tiles_large_space
162,soft_tiles
163,hard_tiles_large_space
164,fine_concrete
165,hard_tiles
166,tiled
167,concrete
168,hard_tiles_large_space
169,carpet
170,wood
171,hard_tiles_large_space
172,hard_tiles_large_space
173,concrete
174,fine_concrete
175,concrete
176,concrete
177,hard_tiles_large_space
178,concrete
179,hard_tiles_large_space
180,concrete
181,tiled
182,wood
183,hard_tiles_large_space
184,concrete
185,fine_concrete
186,tiled
187,concrete
188,soft_pvc
189,wood
190,tiled
191,wood
192,concrete
193,concrete
194,concrete
195,concrete
196,wood
197,hard_tiles_large_space
198,concrete
199,concrete
200,hard_tiles_large_space
201,concrete
202,wood
203,hard_tiles_large_space
204,soft_tiles
205,concrete
206,soft_pvc
207,wood
208,hard_tiles_large_space
209,tiled
210,concrete
211,wood
212,fine_concrete
213,tiled
214,wood
215,soft_pvc
216,soft_tiles
217,wood
218,fine_concrete
219,concrete
220,fine_concrete
221,fine_concrete
222,soft_pvc
223,fine_concrete
224,concrete
225,fine_concrete
226,hard_tiles_large_space
227,concrete
228,fine_concrete
229,tiled
230,soft_pvc
231,hard_tiles_large_space
232,concrete
233,fine_concrete
234,concrete
235,hard_tiles_large_space
236,concrete
237,soft_tiles
238,wood
239,concrete
240,wood
241,tiled
242,tiled
243,fine_concrete
244,soft_pvc
245,soft_pvc
246,fine_concrete
247,tiled
248,concrete
249,concrete
250,tiled
251,wood
252,wood
253,fine_concrete
254,concrete
255,soft_tiles
256,fine_concrete
257,fine_concrete
258,fine_concrete
259,soft_tiles
260,soft_tiles
261,concrete
262,concrete
263,concrete
264,concrete
265,fine_concrete
266,fine_concrete
267,tiled
268,tiled
269,fine_concrete
270,tiled
271,concrete
272,concrete
273,hard_tiles_large_space
274,fine_concrete
275,wood
276,tiled
277,carpet
278,fine_concrete
279,soft_pvc
280,concrete
281,soft_pvc
282,fine_concrete
283,wood
284,fine_concrete
285,hard_tiles_large_space
286,soft_tiles
287,concrete
288,tiled
289,tiled
290,hard_tiles_large_space
291,hard_tiles_large_space
292,soft_tiles
293,concrete
294,concrete
295,fine_concrete
296,soft_pvc
297,tiled
298,carpet
299,soft_pvc
300,concrete
301,soft_pvc
302,hard_tiles_large_space
303,wood
304,concrete
305,soft_tiles
306,tiled
307,wood
308,concrete
309,concrete
310,fine_concrete
311,soft_pvc
312,soft_pvc
313,wood
314,concrete
315,wood
316,soft_pvc
317,fine_concrete
318,concrete
319,concrete
320,hard_tiles_large_space
321,concrete
322,soft_pvc
323,concrete
324,tiled
325,carpet
326,concrete
327,wood
328,fine_concrete
329,wood
330,fine_concrete
331,fine_concrete
332,tiled
333,soft_tiles
334,concrete
335,concrete
336,concrete
337,tiled
338,fine_concrete
339,wood
340,wood
341,hard_tiles_large_space
342,concrete
343,concrete
344,concrete
345,concrete
346,fine_concrete
347,wood
348,concrete
349,hard_tiles_large_space
350,hard_tiles_large_space
351,soft_pvc
352,tiled
353,wood
354,wood
355,tiled
356,soft_pvc
357,concrete
358,wood
359,fine_concrete
360,tiled
361,concrete
362,concrete
363,soft_pvc
364,tiled
365,wood
366,wood
367,carpet
368,wood
369,concrete
370,wood
371,soft_pvc
372,wood
373,concrete
374,wood
375,wood
376,soft_tiles
377,tiled
378,soft_tiles
379,wood
380,soft_tiles
381,soft_tiles
382,wood
383,hard_tiles_large_space
384,tiled
385,concrete
386,soft_pvc
387,concrete
388,tiled
389,tiled
390,fine_concrete
391,hard_tiles_large_space
392,concrete
393,soft_tiles
394,soft_tiles
395,concrete
396,soft_tiles
397,fine_concrete
398,concrete
399,concrete
400,soft_pvc
401,fine_concrete
402,wood
403,wood
404,concrete
405,soft_tiles
406,carpet
407,soft_pvc
408,fine_concrete
409,soft_tiles
410,wood
411,wood
412,tiled
413,wood
414,wood
415,hard_tiles_large_space
416,fine_concrete
417,soft_pvc
418,hard_tiles_large_space
419,soft_pvc
420,soft_pvc
421,fine_concrete
422,soft_tiles
423,fine_concrete
424,concrete
425,soft_tiles
426,wood
427,tiled
428,hard_tiles_large_space
429,soft_tiles
430,concrete
431,tiled
432,fine_concrete
433,concrete
434,concrete
435,wood
436,soft_pvc
437,soft_tiles
438,concrete
439,fine_concrete
440,concrete
441,soft_tiles
442,fine_concrete
443,fine_concrete
444,wood
445,fine_concrete
446,hard_tiles_large_space
447,wood
448,hard_tiles_large_space
449,carpet
450,wood
451,soft_tiles
452,wood
453,wood
454,soft_tiles
455,concrete
456,concrete
457,soft_tiles
458,soft_tiles
459,wood
460,soft_tiles
461,wood
462,tiled
463,fine_concrete
464,fine_concrete
465,concrete
466,concrete
467,soft_tiles
468,soft_pvc
469,concrete
470,wood
471,carpet
472,hard_tiles_large_space
473,tiled
474,soft_tiles
475,soft_pvc
476,wood
477,concrete
478,wood
479,fine_concrete
480,carpet
481,concrete
482,soft_tiles
483,concrete
484,wood
485,carpet
486,fine_concrete
487,concrete
488,wood
489,concrete
490,tiled
491,wood
492,concrete
493,soft_tiles
494,fine_concrete
495,wood
496,wood
497,concrete
498,concrete
499,wood
500,concrete
501,wood
502,soft_pvc
503,tiled
504,soft_pvc
505,soft_tiles
506,soft_pvc
507,concrete
508,soft_pvc
509,wood
510,concrete
511,hard_tiles_large_space
512,soft_tiles
513,soft_tiles
514,fine_concrete
515,tiled
516,soft_tiles
517,wood
518,carpet
519,wood
520,concrete
521,concrete
522,fine_concrete
523,soft_pvc
524,soft_pvc
525,hard_tiles_large_space
526,tiled
527,soft_tiles
528,wood
529,concrete
530,soft_pvc
531,tiled
532,fine_concrete
533,fine_concrete
534,concrete
535,fine_concrete
536,concrete
537,wood
538,concrete
539,wood
540,hard_tiles_large_space
541,wood
542,fine_concrete
543,soft_tiles
544,soft_tiles
545,soft_pvc
546,wood
547,soft_pvc
548,concrete
549,soft_pvc
550,wood
551,concrete
552,concrete
553,concrete
554,soft_pvc
555,concrete
556,wood
557,wood
558,hard_tiles_large_space
559,concrete
560,wood
561,soft_tiles
562,concrete
563,wood
564,concrete
565,wood
566,tiled
567,tiled
568,wood
569,tiled
570,tiled
571,wood
572,fine_concrete
573,fine_concrete
574,wood
575,hard_tiles_large_space
576,soft_tiles
577,concrete
578,soft_pvc
579,carpet
580,tiled
581,concrete
582,concrete
583,tiled
584,concrete
585,hard_tiles_large_space
586,tiled
587,fine_concrete
588,fine_concrete
589,concrete
590,tiled
591,soft_pvc
592,fine_concrete
593,hard_tiles_large_space
594,hard_tiles_large_space
595,soft_pvc
596,hard_tiles_large_space
597,wood
598,tiled
599,concrete
600,hard_tiles_large_space
601,tiled
602,soft_tiles
603,soft_tiles
604,soft_pvc
605,soft_pvc
606,fine_concrete
607,wood
608,fine_concrete
609,concrete
610,hard_tiles_large_space
611,fine_concrete
612,fine_concrete
613,soft_pvc
614,fine_concrete
615,wood
616,concrete
617,concrete
618,concrete
619,carpet
620,concrete
621,wood
622,soft_pvc
623,wood
624,soft_tiles
625,hard_tiles_large_space
626,fine_concrete
627,concrete
628,fine_concrete
629,soft_tiles
630,concrete
631,fine_concrete
632,fine_concrete
633,hard_tiles_large_space
634,concrete
635,concrete
636,wood
637,carpet
638,soft_tiles
639,concrete
640,concrete
641,soft_tiles
642,concrete
643,soft_pvc
644,carpet
645,wood
646,hard_tiles_large_space
647,hard_tiles_large_space
648,hard_tiles_large_space
649,hard_tiles_large_space
650,concrete
651,soft_pvc
652,concrete
653,wood
654,wood
655,wood
656,tiled
657,concrete
658,soft_tiles
659,concrete
660,fine_concrete
661,soft_tiles
662,fine_concrete
663,concrete
664,wood
665,tiled
666,soft_tiles
667,soft_pvc
668,soft_tiles
669,wood
670,fine_concrete
671,concrete
672,tiled
673,concrete
674,tiled
675,wood
676,wood
677,concrete
678,concrete
679,wood
680,concrete
681,concrete
682,concrete
683,concrete
684,soft_tiles
685,wood
686,wood
687,tiled
688,concrete
689,wood
690,tiled
691,soft_pvc
692,fine_concrete
693,wood
694,soft_pvc
695,carpet
696,fine_concrete
697,tiled
698,carpet
699,fine_concrete
700,wood
701,concrete
702,concrete
703,tiled
704,concrete
705,concrete
706,hard_tiles_large_space
707,soft_pvc
708,hard_tiles_large_space
709,soft_tiles
710,wood
711,tiled
712,hard_tiles_large_space
713,wood
714,wood
715,hard_tiles_large_space
716,soft_pvc
717,wood
718,wood
719,soft_pvc
720,concrete
721,tiled
722,soft_pvc
723,soft_tiles
724,concrete
725,concrete
726,concrete
727,wood
728,fine_concrete
729,soft_pvc
730,tiled
731,hard_tiles_large_space
732,hard_tiles_large_space
733,concrete
734,soft_tiles
735,concrete
736,concrete
737,hard_tiles_large_space
738,fine_concrete
739,soft_pvc
740,hard_tiles_large_space
741,wood
742,concrete
743,wood
744,soft_pvc
745,fine_concrete
746,concrete
747,concrete
748,carpet
749,fine_concrete
750,concrete
751,soft_pvc
752,concrete
753,soft_pvc
754,concrete
755,hard_tiles_large_space
756,concrete
757,soft_tiles
758,soft_pvc
759,concrete
760,wood
761,soft_tiles
762,concrete
763,soft_pvc
764,soft_tiles
765,hard_tiles_large_space
766,wood
767,concrete
768,fine_concrete
769,fine_concrete
770,wood
771,tiled
772,fine_concrete
773,wood
774,tiled
775,wood
776,concrete
777,concrete
778,concrete
779,concrete
780,fine_concrete
781,hard_tiles_large_space
782,carpet
783,hard_tiles_large_space
784,soft_tiles
785,hard_tiles_large_space
786,fine_concrete
787,hard_tiles_large_space
788,soft_tiles
789,hard_tiles_large_space
790,wood
791,fine_concrete
792,soft_pvc
793,concrete
794,wood
795,wood
796,hard_tiles_large_space
797,wood
798,wood
799,concrete
800,soft_pvc
801,concrete
802,fine_concrete
803,concrete
804,soft_pvc
805,concrete
806,concrete
807,soft_tiles
808,concrete
809,soft_tiles
810,soft_pvc
811,wood
812,soft_tiles
813,concrete
814,carpet
815,soft_pvc
816,wood
817,concrete
818,hard_tiles_large_space
819,soft_tiles
820,carpet
821,concrete
822,concrete
823,fine_concrete
824,concrete
825,concrete
826,hard_tiles_large_space
827,concrete
828,hard_tiles_large_space
829,concrete
830,wood
831,concrete
832,soft_tiles
833,wood
834,tiled
835,concrete
836,soft_pvc
837,soft_tiles
838,wood
839,soft_pvc
840,soft_tiles
841,soft_pvc
842,soft_pvc
843,tiled
844,soft_pvc
845,concrete
846,fine_concrete
847,concrete
848,tiled
849,hard_tiles_large_space
850,fine_concrete
851,wood
852,concrete
853,soft_tiles
854,concrete
855,soft_pvc
856,soft_tiles
857,wood
858,concrete
859,concrete
860,hard_tiles_large_space
861,soft_tiles
862,fine_concrete
863,fine_concrete
864,tiled
865,carpet
866,wood
867,soft_tiles
868,soft_tiles
869,hard_tiles_large_space
870,soft_tiles
871,wood
872,tiled
873,tiled
874,hard_tiles_large_space
875,carpet
876,tiled
877,fine_concrete
878,tiled
879,hard_tiles_large_space
880,soft_pvc
881,wood
882,hard_tiles_large_space
883,wood
884,fine_concrete
885,wood
886,concrete
887,tiled
888,concrete
889,concrete
890,tiled
891,soft_pvc
892,fine_concrete
893,soft_tiles
894,soft_pvc
895,soft_tiles
896,wood
897,concrete
898,tiled
899,fine_concrete
900,wood
901,wood
902,hard_tiles_large_space
903,hard_tiles_large_space
904,tiled
905,fine_concrete
906,wood
907,wood
908,hard_tiles_large_space
909,wood
910,concrete
911,concrete
912,concrete
913,concrete
914,fine_concrete
915,soft_pvc
916,wood
917,tiled
918,soft_tiles
919,soft_tiles
920,soft_tiles
921,concrete
922,hard_tiles_large_space
923,hard_tiles_large_space
924,concrete
925,carpet
926,concrete
927,hard_tiles_large_space
928,wood
929,tiled
930,hard_tiles_large_space
931,tiled
932,wood
933,concrete
934,wood
935,soft_tiles
936,fine_concrete
937,concrete
938,concrete
939,wood
940,soft_pvc
941,tiled
942,soft_pvc
943,wood
944,soft_pvc
945,hard_tiles_large_space
946,wood
947,soft_pvc
948,concrete
949,concrete
950,concrete
951,soft_pvc
952,concrete
953,hard_tiles_large_space
954,concrete
955,concrete
956,wood
957,wood
958,soft_tiles
959,wood
960,soft_pvc
961,fine_concrete
962,tiled
963,soft_pvc
964,concrete
965,concrete
966,carpet
967,soft_pvc
968,hard_tiles_large_space
969,concrete
970,fine_concrete
971,concrete
972,soft_pvc
973,concrete
974,concrete
975,fine_concrete
976,wood
977,hard_tiles_large_space
978,soft_pvc
979,wood
980,wood
981,wood
982,wood
983,soft_tiles
984,concrete
985,wood
986,concrete
987,wood
988,soft_tiles
989,soft_tiles
990,wood
991,fine_concrete
992,concrete
993,soft_pvc
994,concrete
995,wood
996,concrete
997,fine_concrete
998,hard_tiles_large_space
999,hard_tiles_large_space
1000,concrete
1001,concrete
1002,soft_tiles
1003,fine_concrete
1004,wood
1005,soft_tiles
1006,fine_concrete
1007,wood
1008,wood
1009,tiled
1010,carpet
1011,soft_pvc
1012,wood
1013,wood
1014,soft_tiles
1015,tiled
1016,tiled
1017,concrete
1018,wood
1019,wood
1020,wood
1021,hard_tiles_large_space
1022,hard_tiles_large_space
1023,concrete
1024,concrete
1025,wood
1026,fine_concrete
1027,soft_pvc
1028,concrete
1029,wood
1030,fine_concrete
1031,fine_concrete
1032,soft_tiles
1033,fine_concrete
1034,hard_tiles_large_space
1035,wood
1036,wood
1037,concrete
1038,fine_concrete
1039,soft_tiles
1040,fine_concrete
1041,concrete
1042,fine_concrete
1043,soft_pvc
1044,carpet
1045,fine_concrete
1046,concrete
1047,wood
1048,hard_tiles_large_space
1049,concrete
1050,wood
1051,fine_concrete
1052,wood
1053,concrete
1054,soft_pvc
1055,soft_tiles
1056,soft_pvc
1057,concrete
1058,concrete
1059,wood
1060,wood
1061,soft_tiles
1062,carpet
1063,hard_tiles_large_space
1064,carpet
1065,soft_pvc
1066,wood
1067,tiled
1068,concrete
1069,soft_tiles
1070,hard_tiles_large_space
1071,soft_pvc
1072,soft_pvc
1073,wood
1074,wood
1075,concrete
1076,carpet
1077,wood
1078,soft_pvc
1079,carpet
1080,concrete
1081,hard_tiles_large_space
1082,concrete
1083,fine_concrete
1084,wood
1085,tiled
1086,wood
1087,soft_tiles
1088,wood
1089,carpet
1090,hard_tiles_large_space
1091,wood
1092,tiled
1093,tiled
1094,wood
1095,soft_pvc
1096,wood
1097,hard_tiles_large_space
1098,wood
1099,concrete
1100,hard_tiles_large_space
1101,concrete
1102,soft_pvc
1103,wood
1104,concrete
1105,wood
1106,concrete
1107,soft_pvc
1108,carpet
1109,concrete
1110,wood
1111,fine_concrete
1112,wood
1113,fine_concrete
1114,fine_concrete
1115,fine_concrete
1116,concrete
1117,concrete
1118,concrete
1119,wood
1120,tiled
1121,concrete
1122,concrete
1123,soft_pvc
1124,tiled
1125,concrete
1126,concrete
1127,hard_tiles_large_space
1128,soft_tiles
1129,concrete
1130,tiled
1131,hard_tiles_large_space
1132,hard_tiles_large_space
1133,concrete
1134,concrete
1135,soft_tiles
1136,tiled
1137,wood
1138,fine_concrete
1139,soft_tiles
1140,wood
1141,soft_tiles
1142,soft_pvc
1143,soft_pvc
1144,fine_concrete
1145,soft_pvc
1146,soft_tiles
1147,concrete
1148,concrete
1149,concrete
1150,concrete
1151,concrete
1152,concrete
1153,tiled
1154,carpet
1155,concrete
1156,soft_tiles
1157,tiled
1158,concrete
1159,fine_concrete
1160,concrete
1161,concrete
1162,concrete
1163,soft_tiles
1164,concrete
1165,wood
1166,fine_concrete
1167,wood
1168,tiled
1169,wood
1170,hard_tiles_large_space
1171,wood
1172,hard_tiles_large_space
1173,wood
1174,fine_concrete
1175,wood
1176,tiled
1177,hard_tiles_large_space
1178,wood
1179,fine_concrete
1180,soft_pvc
1181,soft_tiles
1182,fine_concrete
1183,wood
1184,soft_tiles
1185,concrete
1186,tiled
1187,concrete
1188,tiled
1189,concrete
1190,wood
1191,soft_tiles
1192,tiled
1193,soft_tiles
1194,hard_tiles_large_space
1195,wood
1196,fine_concrete
1197,concrete
1198,hard_tiles_large_space
1199,concrete
1200,tiled
1201,concrete
1202,wood
1203,concrete
1204,concrete
1205,fine_concrete
1206,fine_concrete
1207,soft_tiles
1208,concrete
1209,soft_tiles
1210,wood
1211,tiled
1212,tiled
1213,soft_tiles
1214,wood
1215,wood
1216,hard_tiles_large_space
1217,hard_tiles_large_space
1218,wood
1219,hard_tiles_large_space
1220,soft_tiles
1221,concrete
1222,wood
1223,concrete
1224,soft_tiles
1225,soft_pvc
1226,wood
1227,concrete
1228,wood
1229,wood
1230,wood
1231,fine_concrete
1232,soft_tiles
1233,wood
1234,concrete
1235,wood
1236,soft_tiles
1237,hard_tiles_large_space
1238,soft_tiles
1239,concrete
1240,concrete
1241,wood
1242,wood
1243,concrete
1244,fine_concrete
1245,tiled
1246,concrete
1247,tiled
1248,concrete
1249,concrete
1250,concrete
1251,concrete
1252,concrete
1253,wood
1254,fine_concrete
1255,concrete
1256,concrete
1257,concrete
1258,concrete
1259,concrete
1260,wood
1261,hard_tiles_large_space
1262,wood
1263,concrete
1264,concrete
1265,fine_concrete
1266,hard_tiles_large_space
1267,fine_concrete
1268,soft_tiles
1269,concrete
1270,carpet
1271,hard_tiles_large_space
1272,fine_concrete
1273,wood
1274,soft_pvc
1275,wood
1276,wood
1277,concrete
1278,soft_tiles
1279,wood
1280,concrete
1281,wood
1282,hard_tiles_large_space
1283,concrete
1284,concrete
1285,wood
1286,tiled
1287,concrete
1288,concrete
1289,soft_pvc
1290,concrete
1291,wood
1292,fine_concrete
1293,soft_pvc
1294,fine_concrete
1295,tiled
1296,wood
1297,concrete
1298,concrete
1299,concrete
1300,wood
1301,fine_concrete
1302,soft_tiles
1303,fine_concrete
1304,concrete
1305,soft_tiles
1306,hard_tiles_large_space
1307,concrete
1308,tiled
1309,soft_tiles
1310,concrete
1311,concrete
1312,concrete
1313,wood
1314,wood
1315,carpet
1316,concrete
1317,soft_tiles
1318,tiled
1319,tiled
1320,tiled
1321,tiled
1322,soft_tiles
1323,concrete
1324,soft_tiles
1325,hard_tiles_large_space
1326,concrete
1327,soft_pvc
1328,fine_concrete
1329,concrete
1330,tiled
1331,soft_tiles
1332,carpet
1333,concrete
1334,concrete
1335,hard_tiles_large_space
1336,concrete
1337,tiled
1338,hard_tiles_large_space
1339,soft_pvc
1340,wood
1341,concrete
1342,carpet
1343,fine_concrete
1344,concrete
1345,wood
1346,soft_tiles
1347,soft_tiles
1348,tiled
1349,hard_tiles_large_space
1350,hard_tiles_large_space
1351,concrete
1352,soft_tiles
1353,wood
1354,soft_tiles
1355,concrete
1356,wood
1357,concrete
1358,concrete
1359,wood
1360,concrete
1361,hard_tiles_large_space
1362,concrete
1363,wood
1364,concrete
1365,tiled
1366,carpet
1367,soft_tiles
1368,tiled
1369,soft_tiles
1370,soft_tiles
1371,soft_pvc
1372,fine_concrete
1373,soft_tiles
1374,concrete
1375,hard_tiles_large_space
1376,concrete
1377,hard_tiles_large_space
1378,soft_pvc
1379,soft_pvc
1380,fine_concrete
1381,tiled
1382,concrete
1383,wood
1384,wood
1385,wood
1386,concrete
1387,wood
1388,wood
1389,carpet
1390,hard_tiles_large_space
1391,carpet
1392,wood
1393,concrete
1394,soft_pvc
1395,concrete
1396,concrete
1397,concrete
1398,concrete
1399,hard_tiles_large_space
1400,wood
1401,concrete
1402,fine_concrete
1403,wood
1404,wood
1405,soft_pvc
1406,hard_tiles_large_space
1407,concrete
1408,tiled
1409,concrete
1410,concrete
1411,soft_tiles
1412,concrete
1413,concrete
1414,concrete
1415,hard_tiles_large_space
1416,concrete
1417,wood
1418,fine_concrete
1419,tiled
1420,soft_pvc
1421,wood
1422,wood
1423,soft_pvc
1424,concrete
1425,soft_pvc
1426,soft_tiles
1427,hard_tiles_large_space
1428,carpet
1429,concrete
1430,wood
1431,hard_tiles_large_space
1432,concrete
1433,hard_tiles_large_space
1434,concrete
1435,soft_tiles
1436,tiled
1437,fine_concrete
1438,soft_pvc
1439,concrete
1440,wood
1441,soft_tiles
1442,concrete
1443,soft_pvc
1444,wood
1445,wood
1446,soft_tiles
1447,concrete
1448,soft_tiles
1449,concrete
1450,concrete
1451,soft_pvc
1452,concrete
1453,soft_pvc
1454,wood
1455,tiled
1456,fine_concrete
1457,fine_concrete
1458,concrete
1459,concrete
1460,wood
1461,concrete
1462,concrete
1463,soft_tiles
1464,hard_tiles_large_space
1465,tiled
1466,tiled
1467,wood
1468,soft_pvc
1469,soft_pvc
1470,soft_pvc
1471,concrete
1472,soft_pvc
1473,concrete
1474,hard_tiles_large_space
1475,concrete
1476,wood
1477,hard_tiles_large_space
1478,soft_tiles
1479,concrete
1480,soft_pvc
1481,fine_concrete
1482,concrete
1483,concrete
1484,fine_concrete
1485,concrete
1486,concrete
1487,tiled
1488,tiled
1489,tiled
1490,soft_pvc
1491,soft_pvc
1492,fine_concrete
1493,concrete
1494,concrete
1495,fine_concrete
1496,carpet
1497,tiled
1498,fine_concrete
1499,hard_tiles_large_space
1500,fine_concrete
1501,soft_tiles
1502,soft_pvc
1503,fine_concrete
1504,wood
1505,concrete
1506,hard_tiles_large_space
1507,soft_tiles
1508,wood
1509,concrete
1510,wood
1511,tiled
1512,soft_pvc
1513,tiled
1514,fine_concrete
1515,concrete
1516,hard_tiles_large_space
1517,hard_tiles_large_space
1518,soft_tiles
1519,fine_concrete
1520,soft_pvc
1521,wood
1522,concrete
1523,concrete
1524,fine_concrete
1525,wood
1526,concrete
1527,hard_tiles_large_space
1528,wood
1529,wood
1530,concrete
1531,fine_concrete
1532,soft_tiles
1533,soft_tiles
1534,concrete
1535,fine_concrete
1536,hard_tiles_large_space
1537,soft_pvc
1538,carpet
1539,concrete
1540,tiled
1541,soft_tiles
1542,concrete
1543,wood
1544,soft_tiles
1545,soft_pvc
1546,soft_pvc
1547,hard_tiles_large_space
1548,soft_tiles
1549,tiled
1550,wood
1551,soft_tiles
1552,soft_tiles
1553,wood
1554,tiled
1555,wood
1556,soft_pvc
1557,fine_concrete
1558,soft_pvc
1559,concrete
1560,hard_tiles_large_space
1561,hard_tiles_large_space
1562,soft_pvc
1563,soft_pvc
1564,concrete
1565,hard_tiles_large_space
1566,fine_concrete
1567,hard_tiles_large_space
1568,hard_tiles_large_space
1569,soft_tiles
1570,concrete
1571,concrete
1572,concrete
1573,concrete
1574,fine_concrete
1575,concrete
1576,soft_tiles
1577,hard_tiles_large_space
1578,tiled
1579,carpet
1580,tiled
1581,concrete
1582,carpet
1583,hard_tiles_large_space
1584,soft_tiles
1585,concrete
1586,concrete
1587,tiled
1588,fine_concrete
1589,fine_concrete
1590,wood
1591,wood
1592,soft_tiles
1593,concrete
1594,soft_pvc
1595,concrete
1596,tiled
1597,concrete
1598,carpet
1599,fine_concrete
1600,concrete
1601,wood
1602,soft_pvc
1603,soft_tiles
1604,tiled
1605,concrete
1606,soft_pvc
1607,hard_tiles_large_space
1608,fine_concrete
1609,wood
1610,fine_concrete
1611,concrete
1612,wood
1613,soft_pvc
1614,wood
1615,concrete
1616,wood
1617,concrete
1618,soft_pvc
1619,soft_tiles
1620,fine_concrete
1621,hard_tiles_large_space
1622,tiled
1623,tiled
1624,hard_tiles_large_space
1625,soft_pvc
1626,soft_tiles
1627,concrete
1628,soft_pvc
1629,wood
1630,hard_tiles_large_space
1631,concrete
1632,concrete
1633,wood
1634,fine_concrete
1635,wood
1636,hard_tiles_large_space
1637,wood
1638,carpet
1639,fine_concrete
1640,wood
1641,wood
1642,wood
1643,hard_tiles_large_space
1644,wood
1645,soft_pvc
1646,soft_tiles
1647,soft_tiles
1648,wood
1649,carpet
1650,soft_tiles
1651,wood
1652,concrete
1653,fine_concrete
1654,concrete
1655,concrete
1656,concrete
1657,concrete
1658,fine_concrete
1659,wood
1660,concrete
1661,wood
1662,concrete
1663,wood
1664,fine_concrete
1665,fine_concrete
1666,wood
1667,concrete
1668,hard_tiles_large_space
1669,carpet
1670,hard_tiles_large_space
1671,tiled
1672,fine_concrete
1673,fine_concrete
1674,wood
1675,concrete
1676,concrete
1677,hard_tiles_large_space
1678,concrete
1679,concrete
1680,wood
1681,fine_concrete
1682,soft_pvc
1683,concrete
1684,tiled
1685,tiled
1686,soft_pvc
1687,concrete
1688,concrete
1689,concrete
1690,hard_tiles_large_space
1691,soft_tiles
1692,fine_concrete
1693,tiled
1694,wood
1695,carpet
1696,tiled
1697,soft_tiles
1698,hard_tiles_large_space
1699,soft_tiles
1700,soft_tiles
1701,wood
1702,soft_pvc
1703,tiled
1704,soft_tiles
1705,concrete
1706,concrete
1707,wood
1708,fine_concrete
1709,soft_pvc
1710,concrete
1711,soft_pvc
1712,concrete
1713,hard_tiles_large_space
1714,hard_tiles_large_space
1715,tiled
1716,fine_concrete
1717,wood
1718,wood
1719,concrete
1720,soft_tiles
1721,hard_tiles_large_space
1722,fine_concrete
1723,hard_tiles_large_space
1724,hard_tiles_large_space
1725,soft_pvc
1726,tiled
1727,soft_pvc
1728,soft_tiles
1729,concrete
1730,tiled
1731,concrete
1732,soft_pvc
1733,tiled
1734,hard_tiles_large_space
1735,fine_concrete
1736,concrete
1737,hard_tiles_large_space
1738,concrete
1739,concrete
1740,tiled
1741,concrete
1742,concrete
1743,concrete
1744,tiled
1745,soft_tiles
1746,wood
1747,soft_tiles
1748,hard_tiles_large_space
1749,wood
1750,fine_concrete
1751,concrete
1752,soft_tiles
1753,hard_tiles_large_space
1754,concrete
1755,wood
1756,concrete
1757,soft_tiles
1758,tiled
1759,concrete
1760,carpet
1761,concrete
1762,soft_pvc
1763,wood
1764,tiled
1765,concrete
1766,hard_tiles_large_space
1767,concrete
1768,wood
1769,hard_tiles_large_space
1770,fine_concrete
1771,concrete
1772,soft_pvc
1773,soft_tiles
1774,soft_tiles
1775,soft_pvc
1776,carpet
1777,concrete
1778,concrete
1779,soft_pvc
1780,concrete
1781,wood
1782,wood
1783,soft_tiles
1784,wood
1785,wood
1786,soft_tiles
1787,soft_tiles
1788,tiled
1789,concrete
1790,soft_pvc
1791,wood
1792,concrete
1793,soft_pvc
1794,concrete
1795,hard_tiles_large_space
1796,soft_pvc
1797,soft_tiles
1798,concrete
1799,carpet
1800,hard_tiles_large_space
1801,soft_tiles
1802,soft_pvc
1803,wood
1804,concrete
1805,concrete
1806,concrete
1807,concrete
1808,concrete
1809,concrete
1810,soft_tiles
1811,concrete
1812,concrete
1813,carpet
1814,concrete
1815,soft_pvc
1816,hard_tiles_large_space
1817,wood
1818,hard_tiles_large_space
1819,wood
1820,hard_tiles_large_space
1821,wood
1822,concrete
1823,fine_concrete
1824,wood
1825,soft_pvc
1826,concrete
1827,concrete
1828,soft_tiles
1829,soft_pvc
1830,soft_pvc
1831,wood
1832,concrete
1833,wood
1834,wood
1835,tiled
1836,concrete
1837,fine_concrete
1838,soft_tiles
1839,soft_pvc
1840,hard_tiles_large_space
1841,soft_tiles
1842,soft_tiles
1843,wood
1844,hard_tiles_large_space
1845,soft_tiles
1846,tiled
1847,soft_pvc
1848,wood
1849,soft_pvc
1850,tiled
1851,concrete
1852,concrete
1853,wood
1854,soft_tiles
1855,concrete
1856,fine_concrete
1857,fine_concrete
1858,soft_pvc
1859,concrete
1860,concrete
1861,soft_tiles
1862,tiled
1863,concrete
1864,fine_concrete
1865,soft_tiles
1866,concrete
1867,concrete
1868,hard_tiles_large_space
1869,tiled
1870,wood
1871,concrete
1872,tiled
1873,tiled
1874,fine_concrete
1875,wood
1876,soft_tiles
1877,soft_pvc
1878,soft_tiles
1879,wood
1880,wood
1881,tiled
1882,soft_tiles
1883,wood
1884,fine_concrete
1885,tiled
1886,soft_pvc
1887,hard_tiles_large_space
1888,concrete
1889,concrete
1890,concrete
1891,fine_concrete
1892,tiled
1893,wood
1894,wood
1895,concrete
1896,concrete
1897,wood
1898,soft_pvc
1899,soft_tiles
1900,fine_concrete
1901,soft_tiles
1902,wood
1903,soft_tiles
1904,tiled
1905,wood
1906,concrete
1907,soft_pvc
1908,tiled
1909,soft_tiles
1910,concrete
1911,hard_tiles_large_space
1912,soft_pvc
1913,wood
1914,concrete
1915,concrete
1916,soft_pvc
1917,wood
1918,concrete
1919,soft_pvc
1920,soft_pvc
1921,concrete
1922,fine_concrete
1923,concrete
1924,wood
1925,concrete
1926,soft_pvc
1927,tiled
1928,tiled
1929,fine_concrete
1930,hard_tiles_large_space
1931,concrete
1932,carpet
1933,tiled
1934,tiled
1935,wood
1936,wood
1937,soft_pvc
1938,tiled
1939,wood
1940,hard_tiles_large_space
1941,soft_tiles
1942,concrete
1943,soft_pvc
1944,hard_tiles_large_space
1945,carpet
1946,concrete
1947,concrete
1948,concrete
1949,wood
1950,soft_tiles
1951,wood
1952,hard_tiles_large_space
1953,hard_tiles_large_space
1954,soft_pvc
1955,soft_pvc
1956,soft_tiles
1957,concrete
1958,hard_tiles_large_space
1959,carpet
1960,concrete
1961,tiled
1962,concrete
1963,hard_tiles_large_space
1964,concrete
1965,concrete
1966,fine_concrete
1967,fine_concrete
1968,concrete
1969,wood
1970,hard_tiles_large_space
1971,tiled
1972,concrete
1973,hard_tiles_large_space
1974,tiled
1975,concrete
1976,soft_pvc
1977,hard_tiles_large_space
1978,tiled
1979,carpet
1980,hard_tiles_large_space
1981,concrete
1982,fine_concrete
1983,tiled
1984,concrete
1985,concrete
1986,soft_pvc
1987,wood
1988,soft_pvc
1989,tiled
1990,concrete
1991,wood
1992,soft_tiles
1993,soft_tiles
1994,carpet
1995,concrete
1996,concrete
1997,wood
1998,wood
1999,hard_tiles_large_space
2000,soft_tiles
2001,soft_tiles
2002,wood
2003,fine_concrete
2004,concrete
2005,fine_concrete
2006,fine_concrete
2007,concrete
2008,concrete
2009,concrete
2010,concrete
2011,tiled
2012,concrete
2013,carpet
2014,soft_tiles
2015,hard_tiles_large_space
2016,fine_concrete
2017,soft_tiles
2018,concrete
2019,concrete
2020,soft_tiles
2021,tiled
2022,soft_pvc
2023,soft_tiles
2024,soft_tiles
2025,concrete
2026,soft_pvc
2027,hard_tiles_large_space
2028,soft_tiles
2029,wood
2030,soft_pvc
2031,fine_concrete
2032,wood
2033,concrete
2034,concrete
2035,hard_tiles_large_space
2036,concrete
2037,soft_pvc
2038,wood
2039,tiled
2040,concrete
2041,concrete
2042,soft_tiles
2043,concrete
2044,soft_pvc
2045,tiled
2046,soft_pvc
2047,tiled
2048,wood
2049,wood
2050,tiled
2051,soft_pvc
2052,concrete
2053,soft_tiles
2054,hard_tiles_large_space
2055,hard_tiles_large_space
2056,soft_pvc
2057,carpet
2058,concrete
2059,concrete
2060,soft_tiles
2061,concrete
2062,concrete
2063,soft_pvc
2064,wood
2065,soft_pvc
2066,soft_tiles
2067,soft_tiles
2068,concrete
2069,concrete
2070,concrete
2071,soft_pvc
2072,concrete
2073,soft_tiles
2074,concrete
2075,soft_tiles
2076,soft_tiles
2077,soft_tiles
2078,soft_pvc
2079,wood
2080,tiled
2081,concrete
2082,wood
2083,concrete
2084,soft_pvc
2085,concrete
2086,concrete
2087,wood
2088,hard_tiles_large_space
2089,hard_tiles_large_space
2090,concrete
2091,soft_pvc
2092,soft_tiles
2093,soft_pvc
2094,wood
2095,soft_tiles
2096,fine_concrete
2097,soft_pvc
2098,soft_pvc
2099,hard_tiles_large_space
2100,concrete
2101,concrete
2102,concrete
2103,wood
2104,fine_concrete
2105,fine_concrete
2106,fine_concrete
2107,hard_tiles_large_space
2108,soft_tiles
2109,concrete
2110,tiled
2111,concrete
2112,concrete
2113,soft_tiles
2114,fine_concrete
2115,carpet
2116,tiled
2117,concrete
2118,soft_tiles
2119,soft_tiles
2120,tiled
2121,wood
2122,wood
2123,soft_pvc
2124,soft_tiles
2125,concrete
2126,wood
2127,hard_tiles_large_space
2128,concrete
2129,tiled
2130,wood
2131,wood
2132,concrete
2133,hard_tiles_large_space
2134,fine_concrete
2135,soft_tiles
2136,hard_tiles_large_space
2137,concrete
2138,concrete
2139,wood
2140,concrete
2141,wood
2142,concrete
2143,tiled
2144,soft_pvc
2145,wood
2146,concrete
2147,soft_pvc
2148,concrete
2149,wood
2150,soft_pvc
2151,wood
2152,concrete
2153,wood
2154,wood
2155,soft_tiles
2156,fine_concrete
2157,wood
2158,soft_tiles
2159,concrete
2160,wood
2161,concrete
2162,concrete
2163,carpet
2164,wood
2165,tiled
2166,soft_tiles
2167,concrete
2168,soft_pvc
2169,tiled
2170,fine_concrete
2171,soft_pvc
2172,concrete
2173,soft_tiles
2174,wood
2175,concrete
2176,concrete
2177,hard_tiles_large_space
2178,hard_tiles_large_space
2179,tiled
2180,concrete
2181,tiled
2182,concrete
2183,wood
2184,fine_concrete
2185,tiled
2186,hard_tiles_large_space
2187,wood
2188,hard_tiles_large_space
2189,wood
2190,tiled
2191,hard_tiles_large_space
2192,concrete
2193,wood
2194,soft_tiles
2195,tiled
2196,concrete
2197,soft_pvc
2198,soft_tiles
2199,hard_tiles_large_space
2200,soft_tiles
2201,wood
2202,concrete
2203,soft_tiles
2204,concrete
2205,concrete
2206,fine_concrete
2207,wood
2208,concrete
2209,soft_tiles
2210,concrete
2211,soft_pvc
2212,wood
2213,wood
2214,wood
2215,hard_tiles_large_space
2216,carpet
2217,soft_tiles
2218,concrete
2219,soft_pvc
2220,concrete
2221,hard_tiles_large_space
2222,tiled
2223,fine_concrete
2224,concrete
2225,tiled
2226,fine_concrete
2227,wood
2228,hard_tiles_large_space
2229,concrete
2230,concrete
2231,wood
2232,fine_concrete
2233,concrete
2234,concrete
2235,soft_tiles
2236,hard_tiles_large_space
2237,wood
2238,concrete
2239,fine_concrete
2240,hard_tiles_large_space
2241,carpet
2242,fine_concrete
2243,wood
2244,soft_tiles
2245,fine_concrete
2246,hard_tiles_large_space
2247,fine_concrete
2248,tiled
2249,fine_concrete
2250,soft_tiles
2251,wood
2252,wood
2253,soft_tiles
2254,fine_concrete
2255,wood
2256,tiled
2257,tiled
2258,soft_tiles
2259,concrete
2260,soft_tiles
2261,soft_pvc
2262,tiled
2263,wood
2264,tiled
2265,hard_tiles_large_space
2266,wood
2267,soft_pvc
2268,carpet
2269,soft_pvc
2270,concrete
2271,wood
2272,fine_concrete
2273,wood
2274,concrete
2275,hard_tiles_large_space
2276,tiled
2277,tiled
2278,soft_pvc
2279,tiled
2280,tiled
2281,wood
2282,fine_concrete
2283,soft_pvc
2284,carpet
2285,concrete
2286,soft_tiles
2287,hard_tiles_large_space
2288,soft_tiles
2289,concrete
2290,wood
2291,fine_concrete
2292,soft_pvc
2293,hard_tiles_large_space
2294,wood
2295,soft_tiles
2296,wood
2297,soft_tiles
2298,soft_pvc
2299,fine_concrete
2300,concrete
2301,wood
2302,concrete
2303,fine_concrete
2304,soft_pvc
2305,concrete
2306,soft_pvc
2307,hard_tiles_large_space
2308,concrete
2309,concrete
2310,wood
2311,concrete
2312,fine_concrete
2313,concrete
2314,hard_tiles_large_space
2315,wood
2316,wood
2317,concrete
2318,wood
2319,fine_concrete
2320,wood
2321,concrete
2322,carpet
2323,wood
2324,wood
2325,tiled
2326,hard_tiles_large_space
2327,soft_tiles
2328,fine_concrete
2329,wood
2330,concrete
2331,fine_concrete
2332,concrete
2333,fine_concrete
2334,wood
2335,wood
2336,wood
2337,concrete
2338,concrete
2339,fine_concrete
2340,concrete
2341,hard_tiles_large_space
2342,wood
2343,tiled
2344,hard_tiles_large_space
2345,wood
2346,concrete
2347,soft_tiles
2348,soft_tiles
2349,tiled
2350,hard_tiles_large_space
2351,concrete
2352,soft_tiles
2353,tiled
2354,concrete
2355,soft_tiles
2356,soft_pvc
2357,soft_tiles
2358,wood
2359,wood
2360,fine_concrete
2361,wood
2362,wood
2363,fine_concrete
2364,soft_pvc
2365,hard_tiles_large_space
2366,concrete
2367,concrete
2368,concrete
2369,hard_tiles_large_space
2370,concrete
2371,concrete
2372,soft_pvc
2373,hard_tiles_large_space
2374,concrete
2375,fine_concrete
2376,soft_tiles
2377,concrete
2378,wood
2379,wood
2380,tiled
2381,concrete
2382,tiled
2383,wood
2384,hard_tiles_large_space
2385,concrete
2386,soft_tiles
2387,hard_tiles_large_space
2388,concrete
2389,concrete
2390,soft_pvc
2391,soft_pvc
2392,hard_tiles_large_space
2393,wood
2394,soft_pvc
2395,concrete
2396,soft_pvc
2397,concrete
2398,hard_tiles_large_space
2399,soft_pvc
2400,wood
2401,soft_pvc
2402,soft_pvc
2403,carpet
2404,hard_tiles_large_space
2405,tiled
2406,fine_concrete
2407,soft_tiles
2408,concrete
2409,concrete
2410,fine_concrete
2411,hard_tiles_large_space
2412,tiled
2413,concrete
2414,wood
2415,wood
2416,carpet
2417,tiled
2418,concrete
2419,soft_tiles
2420,wood
2421,soft_tiles
2422,tiled
2423,wood
2424,concrete
2425,concrete
2426,wood
2427,tiled
2428,concrete
2429,wood
2430,wood
2431,fine_concrete
2432,fine_concrete
2433,concrete
2434,fine_concrete
2435,concrete
2436,concrete
2437,soft_tiles
2438,hard_tiles_large_space
2439,concrete
2440,fine_concrete
2441,fine_concrete
2442,hard_tiles_large_space
2443,wood
2444,soft_tiles
2445,concrete
2446,concrete
2447,soft_tiles
2448,hard_tiles_large_space
2449,fine_concrete
2450,concrete
2451,concrete
2452,soft_pvc
2453,concrete
2454,concrete
2455,hard_tiles_large_space
2456,wood
2457,concrete
2458,concrete
2459,tiled
2460,hard_tiles_large_space
2461,wood
2462,fine_concrete
2463,wood
2464,wood
2465,tiled
2466,wood
2467,concrete
2468,soft_pvc
2469,wood
2470,wood
2471,hard_tiles_large_space
2472,soft_pvc
2473,hard_tiles_large_space
2474,soft_pvc
2475,fine_concrete
2476,soft_tiles
2477,wood
2478,wood
2479,fine_concrete
2480,concrete
2481,soft_tiles
2482,carpet
2483,concrete
2484,wood
2485,hard_tiles_large_space
2486,concrete
2487,soft_pvc
2488,concrete
2489,soft_pvc
2490,concrete
2491,concrete
2492,wood
2493,concrete
2494,concrete
2495,concrete
2496,soft_pvc
2497,fine_concrete
2498,fine_concrete
2499,concrete
2500,wood
2501,concrete
2502,hard_tiles_large_space
2503,wood
2504,concrete
2505,concrete
2506,concrete
2507,concrete
2508,concrete
2509,soft_pvc
2510,soft_tiles
2511,wood
2512,soft_pvc
2513,fine_concrete
2514,concrete
2515,hard_tiles_large_space
2516,wood
2517,wood
2518,hard_tiles_large_space
2519,hard_tiles_large_space
2520,concrete
2521,soft_tiles
2522,concrete
2523,wood
2524,fine_concrete
2525,concrete
2526,wood
2527,hard_tiles_large_space
2528,wood
2529,soft_tiles
2530,wood
2531,soft_tiles
2532,hard_tiles_large_space
2533,hard_tiles_large_space
2534,concrete
2535,concrete
2536,wood
2537,soft_tiles
2538,concrete
2539,soft_tiles
2540,hard_tiles_large_space
2541,fine_concrete
2542,wood
2543,hard_tiles_large_space
2544,tiled
2545,wood
2546,concrete
2547,soft_tiles
2548,concrete
2549,soft_pvc
2550,tiled
2551,soft_pvc
2552,wood
2553,concrete
2554,tiled
2555,fine_concrete
2556,tiled
2557,concrete
2558,wood
2559,soft_tiles
2560,hard_tiles_large_space
2561,fine_concrete
2562,concrete
2563,soft_tiles
2564,tiled
2565,soft_pvc
2566,concrete
2567,wood
2568,concrete
2569,fine_concrete
2570,concrete
2571,wood
2572,fine_concrete
2573,tiled
2574,concrete
2575,carpet
2576,soft_tiles
2577,soft_pvc
2578,wood
2579,wood
2580,tiled
2581,soft_tiles
2582,concrete
2583,concrete
2584,tiled
2585,concrete
2586,fine_concrete
2587,concrete
2588,concrete
2589,soft_tiles
2590,concrete
2591,soft_pvc
2592,concrete
2593,tiled
2594,soft_pvc
2595,hard_tiles_large_space
2596,wood
2597,tiled
2598,fine_concrete
2599,soft_tiles
2600,soft_pvc
2601,soft_pvc
2602,wood
2603,concrete
2604,wood
2605,concrete
2606,concrete
2607,hard_tiles_large_space
2608,wood
2609,hard_tiles_large_space
2610,hard_tiles_large_space
2611,tiled
2612,soft_tiles
2613,concrete
2614,concrete
2615,wood
2616,fine_concrete
2617,wood
2618,wood
2619,soft_tiles
2620,soft_pvc
2621,tiled
2622,fine_concrete
2623,hard_tiles_large_space
2624,wood
2625,soft_pvc
2626,concrete
2627,concrete
2628,soft_pvc
2629,hard_tiles_large_space
2630,concrete
2631,tiled
2632,soft_pvc
2633,concrete
2634,concrete
2635,soft_tiles
2636,wood
2637,soft_tiles
2638,soft_tiles
2639,soft_pvc
2640,hard_tiles_large_space
2641,wood
2642,wood
2643,wood
2644,concrete
2645,carpet
2646,wood
2647,hard_tiles_large_space
2648,concrete
2649,fine_concrete
2650,tiled
2651,soft_tiles
2652,carpet
2653,wood
2654,wood
2655,tiled
2656,concrete
2657,soft_pvc
2658,hard_tiles_large_space
2659,soft_tiles
2660,soft_pvc
2661,concrete
2662,wood
2663,soft_tiles
2664,fine_concrete
2665,soft_pvc
2666,wood
2667,fine_concrete
2668,soft_tiles
2669,wood
2670,soft_tiles
2671,soft_pvc
2672,concrete
2673,concrete
2674,concrete
2675,concrete
2676,fine_concrete
2677,fine_concrete
2678,hard_tiles_large_space
2679,concrete
2680,soft_pvc
2681,carpet
2682,concrete
2683,soft_pvc
2684,concrete
2685,soft_tiles
2686,soft_pvc
2687,tiled
2688,concrete
2689,wood
2690,soft_tiles
2691,concrete
2692,wood
2693,fine_concrete
2694,wood
2695,tiled
2696,tiled
2697,hard_tiles_large_space
2698,concrete
2699,soft_pvc
2700,soft_pvc
2701,fine_concrete
2702,wood
2703,soft_pvc
2704,fine_concrete
2705,soft_pvc
2706,wood
2707,tiled
2708,concrete
2709,soft_pvc
2710,concrete
2711,soft_pvc
2712,wood
2713,hard_tiles_large_space
2714,concrete
2715,wood
2716,soft_tiles
2717,soft_pvc
2718,tiled
2719,carpet
2720,hard_tiles_large_space
2721,tiled
2722,wood
2723,wood
2724,concrete
2725,wood
2726,soft_pvc
2727,soft_tiles
2728,concrete
2729,tiled
2730,wood
2731,wood
2732,tiled
2733,fine_concrete
2734,wood
2735,concrete
2736,soft_tiles
2737,fine_concrete
2738,soft_tiles
2739,concrete
2740,concrete
2741,wood
2742,soft_pvc
2743,concrete
2744,carpet
2745,fine_concrete
2746,hard_tiles_large_space
2747,concrete
2748,soft_tiles
2749,wood
2750,concrete
2751,concrete
2752,concrete
2753,wood
2754,concrete
2755,soft_tiles
2756,tiled
2757,fine_concrete
2758,wood
2759,soft_pvc
2760,concrete
2761,soft_tiles
2762,fine_concrete
2763,hard_tiles_large_space
2764,soft_tiles
2765,concrete
2766,concrete
2767,concrete
2768,soft_pvc
2769,soft_tiles
2770,hard_tiles_large_space
2771,hard_tiles_large_space
2772,soft_pvc
2773,fine_concrete
2774,tiled
2775,fine_concrete
2776,soft_tiles
2777,soft_pvc
2778,concrete
2779,wood
2780,wood
2781,concrete
2782,concrete
2783,concrete
2784,fine_concrete
2785,tiled
2786,wood
2787,soft_tiles
2788,hard_tiles_large_space
2789,wood
2790,hard_tiles_large_space
2791,wood
2792,concrete
2793,carpet
2794,soft_tiles
2795,carpet
2796,concrete
2797,concrete
2798,soft_pvc
2799,fine_concrete
2800,tiled
2801,concrete
2802,wood
2803,wood
2804,wood
2805,concrete
2806,concrete
2807,wood
2808,tiled
2809,concrete
2810,wood
2811,fine_concrete
2812,soft_tiles
2813,concrete
2814,concrete
2815,wood
2816,carpet
2817,concrete
2818,concrete
2819,hard_tiles_large_space
2820,carpet
2821,concrete
2822,fine_concrete
2823,concrete
2824,concrete
2825,carpet
2826,concrete
2827,soft_tiles
2828,soft_tiles
2829,soft_pvc
2830,concrete
2831,tiled
2832,concrete
2833,soft_pvc
2834,tiled
2835,soft_tiles
2836,concrete
2837,concrete
2838,soft_tiles
2839,soft_tiles
2840,wood
2841,soft_pvc
2842,concrete
2843,concrete
2844,tiled
2845,concrete
2846,wood
2847,concrete
2848,concrete
2849,hard_tiles_large_space
2850,wood
2851,tiled
2852,soft_pvc
2853,soft_pvc
2854,wood
2855,fine_concrete
2856,concrete
2857,fine_concrete
2858,hard_tiles_large_space
2859,soft_pvc
2860,wood
2861,wood
2862,soft_pvc
2863,hard_tiles_large_space
2864,fine_concrete
2865,concrete
2866,concrete
2867,tiled
2868,fine_concrete
2869,carpet
2870,concrete
2871,concrete
2872,soft_pvc
2873,concrete
2874,soft_pvc
2875,tiled
2876,fine_concrete
2877,concrete
2878,concrete
2879,soft_pvc
2880,hard_tiles_large_space
2881,concrete
2882,concrete
2883,carpet
2884,concrete
2885,wood
2886,concrete
2887,concrete
2888,soft_pvc
2889,concrete
2890,soft_tiles
2891,concrete
2892,soft_pvc
2893,hard_tiles_large_space
2894,wood
2895,wood
2896,fine_concrete
2897,concrete
2898,fine_concrete
2899,concrete
2900,soft_pvc
2901,soft_tiles
2902,fine_concrete
2903,hard_tiles_large_space
2904,wood
2905,soft_pvc
2906,tiled
2907,wood
2908,fine_concrete
2909,fine_concrete
2910,carpet
2911,tiled
2912,tiled
2913,hard_tiles_large_space
2914,tiled
2915,concrete
2916,hard_tiles_large_space
2917,concrete
2918,soft_tiles
2919,concrete
2920,soft_pvc
2921,soft_tiles
2922,concrete
2923,soft_pvc
2924,wood
2925,concrete
2926,wood
2927,soft_tiles
2928,soft_pvc
2929,concrete
2930,soft_tiles
2931,concrete
2932,tiled
2933,fine_concrete
2934,wood
2935,fine_concrete
2936,fine_concrete
2937,wood
2938,wood
2939,tiled
2940,tiled
2941,hard_tiles_large_space
2942,hard_tiles_large_space
2943,concrete
2944,wood
2945,soft_pvc
2946,wood
2947,wood
2948,wood
2949,concrete
2950,hard_tiles_large_space
2951,carpet
2952,soft_tiles
2953,hard_tiles_large_space
2954,hard_tiles_large_space
2955,soft_pvc
2956,concrete
2957,soft_pvc
2958,fine_concrete
2959,fine_concrete
2960,tiled
2961,wood
2962,concrete
2963,soft_tiles
2964,hard_tiles_large_space
2965,concrete
2966,wood
2967,wood
2968,soft_pvc
2969,hard_tiles_large_space
2970,soft_tiles
2971,concrete
2972,soft_tiles
2973,wood
2974,wood
2975,wood
2976,wood
2977,soft_pvc
2978,concrete
2979,soft_tiles
2980,fine_concrete
2981,concrete
2982,carpet
2983,wood
2984,wood
2985,wood
2986,concrete
2987,wood
2988,hard_tiles_large_space
2989,soft_pvc
2990,concrete
2991,concrete
2992,wood
2993,soft_pvc
2994,soft_pvc
2995,concrete
2996,soft_tiles
2997,concrete
2998,wood
2999,fine_concrete
3000,wood
3001,soft_pvc
3002,fine_concrete
3003,tiled
3004,wood
3005,fine_concrete
3006,tiled
3007,soft_tiles
3008,concrete
3009,concrete
3010,soft_tiles
3011,soft_tiles
3012,wood
3013,fine_concrete
3014,concrete
3015,concrete
3016,concrete
3017,soft_pvc
3018,soft_pvc
3019,concrete
3020,hard_tiles_large_space
3021,concrete
3022,tiled
3023,concrete
3024,concrete
3025,soft_pvc
3026,wood
3027,soft_tiles
3028,soft_tiles
3029,wood
3030,hard_tiles_large_space
3031,concrete
3032,concrete
3033,soft_pvc
3034,hard_tiles_large_space
3035,wood
3036,carpet
3037,wood
3038,wood
3039,fine_concrete
3040,concrete
3041,tiled
3042,soft_tiles
3043,concrete
3044,concrete
3045,wood
3046,soft_pvc
3047,wood
3048,concrete
3049,fine_concrete
3050,fine_concrete
3051,concrete
3052,concrete
3053,concrete
3054,hard_tiles_large_space
3055,tiled
3056,wood
3057,hard_tiles_large_space
3058,wood
3059,concrete
3060,fine_concrete
3061,carpet
3062,concrete
3063,tiled
3064,soft_pvc
3065,fine_concrete
3066,soft_pvc
3067,concrete
3068,soft_tiles
3069,concrete
3070,concrete
3071,wood
3072,soft_pvc
3073,wood
3074,soft_pvc
3075,concrete
3076,wood
3077,soft_tiles
3078,hard_tiles_large_space
3079,concrete
3080,carpet
3081,concrete
3082,concrete
3083,soft_tiles
3084,soft_tiles
3085,concrete
3086,wood
3087,carpet
3088,concrete
3089,soft_pvc
3090,concrete
3091,hard_tiles_large_space
3092,soft_pvc
3093,hard_tiles_large_space
3094,concrete
3095,soft_pvc
3096,wood
3097,hard_tiles_large_space
3098,concrete
3099,concrete
3100,wood
3101,concrete
3102,soft_pvc
3103,soft_pvc
3104,concrete
3105,carpet
3106,fine_concrete
3107,concrete
3108,concrete
3109,soft_tiles
3110,soft_pvc
3111,concrete
3112,concrete
3113,fine_concrete
3114,concrete
3115,concrete
3116,wood
3117,wood
3118,concrete
3119,hard_tiles_large_space
3120,concrete
3121,wood
3122,soft_tiles
3123,soft_pvc
3124,hard_tiles_large_space
3125,hard_tiles_large_space
3126,wood
3127,soft_pvc
3128,wood
3129,soft_tiles
3130,hard_tiles_large_space
3131,concrete
3132,tiled
3133,soft_pvc
3134,tiled
3135,hard_tiles_large_space
3136,carpet
3137,concrete
3138,wood
3139,concrete
3140,concrete
3141,soft_pvc
3142,wood
3143,wood
3144,wood
3145,soft_tiles
3146,concrete
3147,soft_tiles
3148,fine_concrete
3149,concrete
3150,wood
3151,concrete
3152,concrete
3153,soft_tiles
3154,concrete
3155,wood
3156,hard_tiles_large_space
3157,concrete
3158,concrete
3159,wood
3160,hard_tiles_large_space
3161,tiled
3162,fine_concrete
3163,fine_concrete
3164,concrete
3165,concrete
3166,soft_tiles
3167,hard_tiles_large_space
3168,tiled
3169,concrete
3170,hard_tiles_large_space
3171,concrete
3172,hard_tiles_large_space
3173,concrete
3174,concrete
3175,wood
3176,soft_pvc
3177,wood
3178,concrete
3179,tiled
3180,soft_pvc
3181,soft_pvc
3182,fine_concrete
3183,concrete
3184,concrete
3185,wood
3186,soft_tiles
3187,fine_concrete
3188,concrete
3189,concrete
3190,wood
3191,concrete
3192,wood
3193,hard_tiles_large_space
3194,concrete
3195,concrete
3196,concrete
3197,soft_pvc
3198,concrete
3199,hard_tiles_large_space
3200,concrete
3201,soft_pvc
3202,concrete
3203,concrete
3204,concrete
3205,carpet
3206,soft_tiles
3207,wood
3208,hard_tiles_large_space
3209,fine_concrete
3210,fine_concrete
3211,concrete
3212,tiled
3213,concrete
3214,hard_tiles_large_space
3215,soft_pvc
3216,wood
3217,fine_concrete
3218,concrete
3219,tiled
3220,fine_concrete
3221,tiled
3222,soft_tiles
3223,fine_concrete
3224,tiled
3225,soft_tiles
3226,concrete
3227,soft_tiles
3228,fine_concrete
3229,concrete
3230,hard_tiles_large_space
3231,hard_tiles_large_space
3232,concrete
3233,fine_concrete
3234,concrete
3235,soft_tiles
3236,soft_tiles
3237,wood
3238,wood
3239,hard_tiles_large_space
3240,fine_concrete
3241,concrete
3242,fine_concrete
3243,hard_tiles_large_space
3244,concrete
3245,concrete
3246,hard_tiles_large_space
3247,concrete
3248,concrete
3249,concrete
3250,concrete
3251,fine_concrete
3252,concrete
3253,concrete
3254,tiled
3255,soft_pvc
3256,wood
3257,concrete
3258,wood
3259,wood
3260,fine_concrete
3261,concrete
3262,hard_tiles_large_space
3263,carpet
3264,wood
3265,wood
3266,tiled
3267,wood
3268,wood
3269,concrete
3270,tiled
3271,concrete
3272,hard_tiles_large_space
3273,fine_concrete
3274,concrete
3275,fine_concrete
3276,concrete
3277,concrete
3278,tiled
3279,soft_tiles
3280,soft_tiles
3281,carpet
3282,fine_concrete
3283,fine_concrete
3284,wood
3285,concrete
3286,wood
3287,soft_pvc
3288,tiled
3289,soft_tiles
3290,soft_tiles
3291,soft_pvc
3292,concrete
3293,wood
3294,concrete
3295,concrete
3296,hard_tiles_large_space
3297,hard_tiles_large_space
3298,concrete
3299,wood
3300,hard_tiles_large_space
3301,soft_tiles
3302,concrete
3303,soft_tiles
3304,soft_pvc
3305,tiled
3306,wood
3307,concrete
3308,wood
3309,tiled
3310,tiled
3311,concrete
3312,soft_pvc
3313,wood
3314,wood
3315,fine_concrete
3316,concrete
3317,fine_concrete
3318,wood
3319,hard_tiles_large_space
3320,wood
3321,hard_tiles_large_space
3322,fine_concrete
3323,wood
3324,fine_concrete
3325,carpet
3326,fine_concrete
3327,soft_tiles
3328,concrete
3329,tiled
3330,fine_concrete
3331,concrete
3332,hard_tiles_large_space
3333,soft_pvc
3334,hard_tiles_large_space
3335,concrete
3336,hard_tiles_large_space
3337,fine_concrete
3338,wood
3339,soft_pvc
3340,soft_tiles
3341,concrete
3342,hard_tiles_large_space
3343,fine_concrete
3344,wood
3345,tiled
3346,wood
3347,soft_tiles
3348,concrete
3349,wood
3350,tiled
3351,wood
3352,tiled
3353,concrete
3354,concrete
3355,soft_pvc
3356,fine_concrete
3357,concrete
3358,concrete
3359,concrete
3360,concrete
3361,concrete
3362,concrete
3363,concrete
3364,fine_concrete
3365,tiled
3366,hard_tiles_large_space
3367,tiled
3368,soft_tiles
3369,soft_pvc
3370,wood
3371,wood
3372,hard_tiles_large_space
3373,tiled
3374,wood
3375,soft_pvc
3376,concrete
3377,tiled
3378,hard_tiles_large_space
3379,concrete
3380,soft_pvc
3381,concrete
3382,tiled
3383,soft_tiles
3384,wood
3385,hard_tiles_large_space
3386,concrete
3387,concrete
3388,fine_concrete
3389,wood
3390,tiled
3391,concrete
3392,soft_tiles
3393,concrete
3394,tiled
3395,tiled
3396,soft_pvc
3397,fine_concrete
3398,soft_pvc
3399,wood
3400,soft_tiles
3401,wood
3402,fine_concrete
3403,wood
3404,carpet
3405,fine_concrete
3406,soft_tiles
3407,wood
3408,tiled
3409,hard_tiles_large_space
3410,tiled
3411,fine_concrete
3412,concrete
3413,fine_concrete
3414,hard_tiles_large_space
3415,soft_tiles
3416,fine_concrete
3417,soft_pvc
3418,concrete
3419,concrete
3420,wood
3421,soft_pvc
3422,soft_pvc
3423,wood
3424,soft_pvc
3425,concrete
3426,concrete
3427,concrete
3428,soft_pvc
3429,concrete
3430,concrete
3431,concrete
3432,concrete
3433,soft_pvc
3434,hard_tiles_large_space
3435,soft_tiles
3436,carpet
3437,wood
3438,soft_pvc
3439,wood
3440,carpet
3441,soft_pvc
3442,wood
3443,soft_tiles
3444,tiled
3445,soft_pvc
3446,hard_tiles_large_space
3447,fine_concrete
3448,soft_tiles
3449,concrete
3450,concrete
3451,concrete
3452,tiled
3453,wood
3454,soft_pvc
3455,wood
3456,wood
3457,fine_concrete
3458,soft_tiles
3459,concrete
3460,tiled
3461,concrete
3462,concrete
3463,hard_tiles_large_space
3464,concrete
3465,tiled
3466,wood
3467,fine_concrete
3468,soft_tiles
3469,concrete
3470,concrete
3471,wood
3472,concrete
3473,fine_concrete
3474,concrete
3475,fine_concrete
3476,wood
3477,hard_tiles_large_space
3478,fine_concrete
3479,tiled
3480,concrete
3481,concrete
3482,fine_concrete
3483,soft_tiles
3484,wood
3485,hard_tiles_large_space
3486,hard_tiles_large_space
3487,soft_tiles
3488,tiled
3489,soft_pvc
3490,tiled
3491,fine_concrete
3492,tiled
3493,soft_tiles
3494,wood
3495,tiled
3496,soft_pvc
3497,fine_concrete
3498,fine_concrete
3499,hard_tiles_large_space
3500,concrete
3501,wood
3502,soft_pvc
3503,hard_tiles_large_space
3504,fine_concrete
3505,soft_tiles
3506,concrete
3507,soft_tiles
3508,soft_tiles
3509,concrete
3510,concrete
3511,soft_tiles
3512,hard_tiles_large_space
3513,concrete
3514,hard_tiles_large_space
3515,concrete
3516,wood
3517,concrete
3518,carpet
3519,soft_pvc
3520,soft_tiles
3521,concrete
3522,tiled
3523,fine_concrete
3524,soft_pvc
3525,fine_concrete
3526,wood
3527,soft_pvc
3528,wood
3529,carpet
3530,soft_pvc
3531,concrete
3532,wood
3533,concrete
3534,fine_concrete
3535,soft_pvc
3536,hard_tiles_large_space
3537,wood
3538,concrete
3539,hard_tiles_large_space
3540,wood
3541,concrete
3542,wood
3543,concrete
3544,hard_tiles_large_space
3545,wood
3546,concrete
3547,wood
3548,concrete
3549,concrete
3550,soft_tiles
3551,wood
3552,soft_pvc
3553,carpet
3554,hard_tiles_large_space
3555,concrete
3556,carpet
3557,wood
3558,soft_tiles
3559,wood
3560,hard_tiles_large_space
3561,concrete
3562,concrete
3563,wood
3564,soft_tiles
3565,concrete
3566,soft_pvc
3567,soft_pvc
3568,concrete
3569,soft_tiles
3570,concrete
3571,concrete
3572,wood
3573,concrete
3574,concrete
3575,hard_tiles_large_space
3576,wood
3577,tiled
3578,soft_tiles
3579,soft_pvc
3580,wood
3581,concrete
3582,concrete
3583,fine_concrete
3584,wood
3585,wood
3586,fine_concrete
3587,wood
3588,wood
3589,fine_concrete
3590,soft_pvc
3591,wood
3592,soft_tiles
3593,concrete
3594,concrete
3595,tiled
3596,soft_tiles
3597,wood
3598,concrete
3599,concrete
3600,wood
3601,tiled
3602,soft_tiles
3603,tiled
3604,concrete
3605,concrete
3606,soft_tiles
3607,soft_pvc
3608,soft_pvc
3609,soft_tiles
3610,soft_pvc
3611,carpet
3612,concrete
3613,tiled
3614,concrete
3615,tiled
3616,soft_tiles
3617,soft_pvc
3618,wood
3619,soft_pvc
3620,hard_tiles_large_space
3621,hard_tiles_large_space
3622,wood
3623,soft_tiles
3624,wood
3625,concrete
3626,soft_tiles
3627,soft_pvc
3628,soft_tiles
3629,concrete
3630,wood
3631,wood
3632,concrete
3633,soft_pvc
3634,tiled
3635,carpet
3636,soft_tiles
3637,concrete
3638,tiled
3639,fine_concrete
3640,fine_concrete
3641,concrete
3642,wood
3643,concrete
3644,soft_pvc
3645,fine_concrete
3646,wood
3647,concrete
3648,tiled
3649,concrete
3650,tiled
3651,soft_pvc
3652,concrete
3653,wood
3654,concrete
3655,concrete
3656,concrete
3657,wood
3658,tiled
3659,concrete
3660,concrete
3661,soft_tiles
3662,concrete
3663,wood
3664,wood
3665,wood
3666,hard_tiles_large_space
3667,wood
3668,hard_tiles_large_space
3669,concrete
3670,soft_tiles
3671,concrete
3672,wood
3673,hard_tiles_large_space
3674,soft_pvc
3675,carpet
3676,wood
3677,concrete
3678,concrete
3679,soft_pvc
3680,concrete
3681,soft_pvc
3682,concrete
3683,concrete
3684,wood
3685,hard_tiles_large_space
3686,soft_tiles
3687,carpet
3688,concrete
3689,wood
3690,tiled
3691,concrete
3692,soft_pvc
3693,soft_pvc
3694,soft_tiles
3695,soft_tiles
3696,wood
3697,soft_pvc
3698,wood
3699,soft_tiles
3700,concrete
3701,hard_tiles_large_space
3702,concrete
3703,tiled
3704,concrete
3705,tiled
3706,wood
3707,concrete
3708,tiled
3709,hard_tiles_large_space
3710,concrete
3711,soft_pvc
3712,fine_concrete
3713,wood
3714,concrete
3715,concrete
3716,concrete
3717,fine_concrete
3718,carpet
3719,concrete
3720,tiled
3721,soft_tiles
3722,concrete
3723,wood
3724,hard_tiles_large_space
3725,concrete
3726,soft_pvc
3727,hard_tiles_large_space
3728,carpet
3729,concrete
3730,wood
3731,concrete
3732,tiled
3733,hard_tiles_large_space
3734,soft_pvc
3735,hard_tiles_large_space
3736,soft_tiles
3737,wood
3738,soft_pvc
3739,fine_concrete
3740,fine_concrete
3741,concrete
3742,tiled
3743,soft_pvc
3744,soft_tiles
3745,concrete
3746,wood
3747,wood
3748,fine_concrete
3749,wood
3750,soft_pvc
3751,soft_pvc
3752,fine_concrete
3753,soft_pvc
3754,soft_pvc
3755,concrete
3756,hard_tiles_large_space
3757,soft_pvc
3758,fine_concrete
3759,hard_tiles_large_space
3760,soft_tiles
3761,wood
3762,soft_pvc
3763,soft_tiles
3764,concrete
3765,soft_tiles
3766,concrete
3767,carpet
3768,soft_tiles
3769,fine_concrete
3770,tiled
3771,fine_concrete
3772,concrete
3773,soft_pvc
3774,carpet
3775,tiled
3776,concrete
3777,concrete
3778,concrete
3779,wood
3780,fine_concrete
3781,fine_concrete
3782,tiled
3783,concrete
3784,soft_tiles
3785,hard_tiles_large_space
3786,tiled
3787,concrete
3788,hard_tiles_large_space
3789,concrete
3790,hard_tiles_large_space
3791,wood
3792,soft_pvc
3793,wood
3794,concrete
3795,wood
3796,soft_tiles
3797,concrete
3798,soft_pvc
3799,concrete
3800,hard_tiles_large_space
3801,carpet
3802,wood
3803,soft_tiles
3804,concrete
3805,fine_concrete
3806,concrete
3807,wood
3808,tiled
3809,tiled
3810,concrete
3811,wood
3812,soft_tiles
3813,wood
3814,soft_tiles
3815,wood
